id,created_at,public,type,id_actor,id_repo,id_org
23487963576,2022-08-17T15:52:40Z,true,WatchEvent,44167236,6296790,317776
23487963624,2022-08-17T15:52:40Z,true,CreateEvent,111333037,525860969,
23487963529,2022-08-17T15:52:40Z,true,PushEvent,65502770,350706029,
23487963558,2022-08-17T15:52:40Z,true,IssueCommentEvent,99458559,226399669,3209407
23487963581,2022-08-17T15:52:40Z,true,PullRequestEvent,3787410,521980272,72992104
23487963532,2022-08-17T15:52:40Z,true,PushEvent,11596368,438998478,
23487963524,2022-08-17T15:52:40Z,true,PushEvent,82401504,525362201,
23487963526,2022-08-17T15:52:40Z,true,PushEvent,60316309,500139646,
23487963492,2022-08-17T15:52:40Z,true,PushEvent,37953029,268298723,
23487963504,2022-08-17T15:52:40Z,true,DeleteEvent,28701858,399546191,89424864
23487963536,2022-08-17T15:52:40Z,true,PullRequestReviewEvent,22668539,512700417,106303238
23487963495,2022-08-17T15:52:40Z,true,CreateEvent,111433069,525860287,
23487963522,2022-08-17T15:52:40Z,true,PushEvent,100686237,522510250,
23487963444,2022-08-17T15:52:40Z,true,PushEvent,111448530,525859727,
23487963462,2022-08-17T15:52:40Z,true,PullRequestEvent,86944161,509700187,108566140
23487963480,2022-08-17T15:52:40Z,true,IssuesEvent,10712109,138224079,40475955
23487963457,2022-08-17T15:52:40Z,true,PushEvent,368735,495043847,
23487963413,2022-08-17T15:52:40Z,true,PushEvent,55003092,525476229,
23487963429,2022-08-17T15:52:40Z,true,PushEvent,17953978,435120097,
23487963448,2022-08-17T15:52:40Z,true,PushEvent,94136524,484665561,
23487963440,2022-08-17T15:52:40Z,true,PushEvent,13433317,483328134,
23487963411,2022-08-17T15:52:40Z,true,IssueCommentEvent,10712109,138224079,40475955
23487963456,2022-08-17T15:52:40Z,true,IssueCommentEvent,37929162,399070715,76464463
23487963426,2022-08-17T15:52:40Z,true,WatchEvent,44158642,45356931,
23487963471,2022-08-17T15:52:40Z,true,PullRequestEvent,19955562,176802984,24939818
23487963425,2022-08-17T15:52:40Z,true,CreateEvent,111345762,525860966,
23487963368,2022-08-17T15:52:40Z,true,PushEvent,30538765,409344435,9579519
23487963384,2022-08-17T15:52:40Z,true,PushEvent,8517910,86929735,8158177
23487963376,2022-08-17T15:52:40Z,true,PushEvent,109001160,525552996,
23487963366,2022-08-17T15:52:40Z,true,PushEvent,686971,288543809,
